codigo,nombre,direccion,telefono,fecha_nacimiento,genero
1,Warde Caldayrou,7164 Westerfield Hill,710-701-9600,1960-02-18,Male
2,Trudey Meese,8 Heath Court,584-597-1787,1989-07-12,Female
3,Darby Marchenko,34172 Sycamore Drive,457-709-5619,2010-04-14,Female
4,Hayyim Lattka,24 Oak Valley Street,253-247-8990,2001-08-07,Male
5,Boycie Meriton,6 Superior Parkway,203-901-0713,1961-02-11,Male
6,Konstance Readwing,98278 Vermont Drive,463-787-3140,1979-04-29,Female
7,Aundrea Nelane,0 Saint Paul Parkway,654-670-6792,1969-08-12,Female
8,Ario Canto,7 Portage Drive,487-734-8957,1978-05-06,Male
9,Rowan O'Cahsedy,9396 Anniversary Hill,311-345-9895,1968-10-13,Male
10,Gertie Mattiussi,88 Katie Point,641-876-4622,1967-02-04,Female
11,Phaidra Van Hesteren,0 Bowman Drive,166-100-8830,2008-11-11,Female
12,Addison Keuneke,13522 New Castle Way,228-468-2158,1992-03-12,Male
13,Sayre Pareman,55 Norway Maple Parkway,787-846-9450,2013-12-21,Female
14,Chancey Pavolini,88 Ryan Road,396-527-7131,2011-03-08,Male
15,Reinold Saban,71886 Weeping Birch Point,291-541-0286,1991-02-04,Male
16,Farand Ubee,92094 Clemons Plaza,104-717-1519,2011-05-25,Female
17,Tye Pococke,4 Oak Lane,841-547-0790,1987-11-26,Male
18,Ariel Faers,2486 Packers Park,345-331-3396,2004-08-21,Female
19,Courtnay Aucourte,4952 David Court,348-498-7953,1977-07-21,Male
20,Davon Shaw,04 Calypso Place,215-758-1779,1974-10-23,Male
21,Katey Copes,4 Raven Terrace,709-297-8350,2002-12-08,Female
22,Laure Girsch,0 Forest Run Plaza,530-691-4258,1999-08-04,Female
23,Mareah Mussington,01 Sherman Alley,266-156-3528,1998-07-18,Female
24,Sander Sturgeon,53875 Village Green Trail,482-974-5334,1984-11-06,Male
25,Kennett Deason,086 Kim Trail,869-468-8463,2000-11-06,Male
26,Spencer Huxster,5525 Dorton Avenue,319-707-7967,2002-03-13,Male
27,Correy Grzeskowski,80 Summerview Trail,739-102-7390,1983-07-12,Male
28,Faunie Firminger,60234 Thackeray Parkway,262-189-2057,2007-02-03,Female
29,Hobey Andersson,7539 High Crossing Center,500-432-8715,2017-04-19,Male
30,Elia Bunten,60390 Rockefeller Way,312-156-1402,1994-08-18,Male
31,Tracy Woolmore,614 Messerschmidt Hill,385-955-4859,2012-03-12,Male
32,Ursuline Davydenko,5355 Ridgeview Street,463-422-7907,1976-01-20,Female
33,Konstantin Fellows,16 Hintze Park,723-864-7144,2016-05-08,Male
34,Richard Newlove,27487 East Parkway,589-832-1050,2008-06-08,Male
35,Dulcy Aubrun,07285 Almo Hill,330-208-5221,1998-11-10,Female
36,Birch Sturrock,22 Moland Park,223-800-3653,2005-03-28,Male
37,Sammie Dashkov,4 Mccormick Parkway,228-111-9933,2005-04-05,Male
38,Carmen Crammy,43140 Lakewood Road,305-273-3538,1962-05-06,Female
39,Flore Lacy,230 Clemons Trail,856-260-0114,1991-06-29,Female
40,Alison Powney,7220 Stone Corner Circle,620-423-6833,1970-12-09,Female
41,Granville MacAulay,7394 Delaware Street,305-277-0087,1987-08-16,Male
42,Sallyanne Dullaghan,06 Pearson Plaza,619-623-6861,1974-12-23,Female
43,Britt Culleford,79073 Fairfield Junction,728-273-8858,2008-04-21,Female
44,Gasparo McIlvenna,8347 Ridge Oak Junction,474-913-3257,2009-09-12,Male
45,Catharine Ibbotson,29910 Truax Crossing,226-121-9127,1985-06-10,Female
46,Curr Poulglais,1830 Harper Street,457-726-0160,1983-05-07,Male
47,Hannie Lethebridge,62807 Iowa Lane,602-845-7276,2007-06-09,Female
48,Wilma Hartus,6 Service Avenue,662-296-0443,1966-01-11,Female
49,Bartlet Fealy,8121 Green Ridge Junction,401-774-7605,1996-06-21,Male
50,Syd Vivers,45879 School Terrace,951-594-4480,1973-03-29,Male
51,Lauraine Grishelyov,19 Cardinal Place,134-445-4252,1967-04-25,Female
52,Paddy Canto,54241 Darwin Trail,182-405-0664,2016-01-23,Male
53,Mayer Murrigans,0056 Little Fleur Street,395-893-7436,2002-02-08,Male
54,Cyndia Brecknall,93 Beilfuss Circle,739-969-2144,1973-06-25,Female
55,Philippine Dennitts,004 Nova Park,415-224-5518,2007-04-19,Female
56,Eldon Stanners,65 8th Terrace,286-602-3540,1963-05-26,Male
57,Lesya Inkpen,5 Buena Vista Circle,558-920-7302,1994-02-03,Female
58,Puff Duesberry,1837 Claremont Circle,319-916-8373,2015-03-06,Male
59,Olympie Smethurst,980 4th Way,695-871-1732,2000-09-29,Female
60,Brit Lancetter,30 Lakewood Gardens Hill,894-239-7890,1993-06-19,Female
61,Cornall Antoni,58 Homewood Crossing,550-531-9350,1969-05-31,Male
62,Juliet Slegg,8 Harbort Park,834-681-5085,1982-07-10,Female
63,Liana Ditts,36 Buell Place,895-144-4300,1965-01-02,Female
64,Saunderson Saltsberg,7399 Ruskin Court,446-231-2411,1972-01-28,Male
65,Conrado Radbourne,504 Shasta Pass,558-604-0027,1980-11-21,Male
66,Gaelan Petruskevich,1 Ryan Center,640-418-2127,2008-12-15,Male
67,Angelita Shellcross,092 Badeau Junction,904-624-7480,1963-12-05,Female
68,Valdemar Martignon,1 Maple Wood Way,734-637-0272,1999-03-11,Male
69,Netti MacMenemy,7194 Surrey Place,158-859-2154,1996-09-03,Female
70,Jehanna Sinderland,29 Division Park,563-200-8835,1999-03-08,Female
71,Ivy Hizir,466 Commercial Street,543-663-5405,1998-08-25,Female
72,Addison Maly,9607 Manley Park,877-766-5959,2014-08-06,Male
73,Nadine O'Hdirscoll,313 Montana Alley,756-255-3436,1997-11-09,Female
74,Tarra Viel,5871 Bultman Street,427-884-2812,1995-05-21,Female
75,Valdemar Chooter,107 Blue Bill Park Street,463-652-4640,1997-10-23,Male
76,Ermentrude Couldwell,93 Pine View Terrace,508-660-5711,1974-08-05,Female
77,Federico Roll,895 Atwood Court,150-273-0649,2012-09-06,Male
78,Ev Hendonson,98 Kings Circle,578-857-7806,1998-01-03,Male
79,Yovonnda Langland,86328 Cherokee Lane,870-981-5344,1979-02-21,Female
80,Barbara-anne Bruins,175 Manufacturers Parkway,784-637-7660,1978-01-13,Female
81,Riannon Helm,02 Doe Crossing Point,441-163-2025,1965-06-15,Female
82,Sharron Duns,0 Dawn Way,440-951-9869,2015-08-06,Female
83,Layne Haugh,492 Moose Street,787-131-0634,2017-02-08,Female
84,Jinny Donson,1 Blackbird Place,190-797-7450,2014-03-11,Female
85,Amerigo Percival,315 Dottie Junction,462-766-0608,1988-11-27,Male
86,Opalina St. Queintain,23 Swallow Pass,918-850-1845,1972-08-24,Female
87,Clark Scales,1549 Declaration Trail,458-754-5301,1991-03-16,Male
88,Robbie Whitwell,36911 Rigney Parkway,430-207-4868,1992-12-10,Female
89,Erroll Baldoni,6 Arrowood Crossing,907-358-7601,1976-12-17,Male
90,Yule Balcers,89489 Atwood Park,424-219-1937,1965-10-03,Male
91,Brnaba Kirby,413 Merrick Circle,316-157-3817,1979-07-25,Male
92,Rubina Duthie,3 Pleasure Plaza,486-907-6395,2011-06-11,Female
93,Jackie Knobell,15 Blue Bill Park Park,906-272-4873,1994-06-08,Male
94,Llewellyn Gerdts,8 Onsgard Center,114-602-7233,1994-10-12,Male
95,Ewen Purvey,7601 Grayhawk Place,264-925-9591,1970-05-11,Male
96,Holly Lorroway,9606 Esch Alley,930-973-8135,1979-04-04,Female
97,Jada Hillburn,278 Bartelt Drive,812-880-5253,1967-03-25,Female
98,Meagan Jendrich,7 Glendale Drive,995-838-9626,2010-06-17,Female
99,Shannon Oakeshott,27113 Dakota Street,745-251-7012,1969-12-30,Female
100,Obediah Blinckhorne,19 David Pass,326-904-3694,1964-02-29,Male
101,Morie Maton,976 Declaration Crossing,386-481-9869,2017-03-11,Male
102,Olive Faulks,27 Dottie Junction,282-746-0121,1968-01-20,Female
103,Myrah Millen,63924 Mayfield Lane,930-417-0155,1976-07-07,Female
104,Benny Delouch,9 Nobel Court,517-821-6821,2006-06-24,Female
105,Fonsie Langelay,21 Monterey Hill,789-147-6425,1980-08-17,Male
106,Yance Gouldstone,2495 Dapin Trail,565-981-5137,1997-04-29,Male
107,Lew McKerley,134 Sachs Avenue,553-897-4224,1976-12-09,Male
108,Devlin MacComiskey,8010 Morrow Drive,300-583-1308,2016-11-26,Male
109,Merralee Allot,433 Shasta Alley,812-132-7829,1969-03-28,Female
110,Tito Francombe,2 Mallard Alley,451-157-6947,1969-10-14,Male
111,Webster Burkart,94542 Manley Center,314-215-9125,2004-03-17,Male
112,Thadeus Fandrich,80 Esker Plaza,184-505-3584,1964-08-09,Male
113,Tasha Ashton,4575 Messerschmidt Pass,147-756-2809,1991-08-26,Female
114,Merell Bickerdicke,07979 Monument Park,260-225-9059,2012-07-30,Male
115,Nickie Witterick,40962 Bashford Crossing,327-148-7101,2009-01-06,Male
116,Sigfrid Silliman,25 Clarendon Pass,203-226-6035,1966-12-26,Male
117,Vinni Acton,8 Stephen Place,127-945-2339,1969-08-20,Female
118,Leland Costain,86 Marquette Circle,886-548-9965,1987-09-20,Female
119,Deonne Birk,95617 John Wall Plaza,483-418-4866,1966-12-22,Female
120,Chantalle Bergeau,2 Claremont Road,669-581-8800,1973-05-09,Female
121,Antoine Sabathier,5349 Di Loreto Park,703-285-4437,1998-06-09,Male
122,Lance Lakes,4104 Westport Terrace,969-462-2849,1980-05-10,Male
123,Joaquin Eddow,0 Holy Cross Terrace,995-569-6391,2018-04-27,Male
124,Kati Coldwell,3671 Manufacturers Point,614-882-0921,1985-11-01,Female
125,Tomaso Edson,69 7th Pass,872-720-1510,2000-06-08,Male
126,Manolo Mandrier,812 Manley Circle,572-511-5683,1977-09-04,Male
127,Igor Steggles,74186 Caliangt Place,889-883-2231,1961-09-28,Male
128,Gav Lake,2 Pleasure Parkway,928-161-6544,1974-02-23,Male
129,Sherwin Corden,02744 Pearson Way,142-802-5571,1999-08-15,Male
130,Reamonn Dupree,1 Lotheville Circle,924-420-6497,2012-10-08,Male
131,Eddy Dishman,28765 Killdeer Drive,552-611-4740,1995-09-05,Male
132,Giuseppe Friedank,90650 Prairie Rose Alley,173-374-3029,1984-07-05,Male
133,Annadiana Skoughman,0668 Schlimgen Center,331-146-1744,1982-02-19,Female
134,Courtney Mitchel,74 Dottie Road,469-379-2123,1967-08-21,Male
135,Melanie Dearn,76 Toban Point,861-213-0183,2009-11-04,Female
136,Sophi Jeannin,006 Claremont Alley,452-265-2552,2017-01-22,Female
137,Ingar Joreau,36 Green Ridge Center,229-358-8220,1977-02-04,Male
138,Blondelle Gilliver,2 Sage Way,626-989-7858,1961-07-22,Female
139,Tonya Petyt,51637 International Way,730-126-2923,1984-06-11,Female
140,Lindsey Masey,984 Prairie Rose Crossing,698-742-8030,2009-05-10,Male
141,Brenden Radford,052 Shoshone Parkway,700-597-0059,2017-02-09,Male
142,Stephanie Grimditch,3204 Longview Pass,966-110-6403,1995-09-26,Female
143,Gavan Severwright,84426 Sheridan Court,653-990-9910,1986-06-05,Male
144,Ingram Bernardino,40373 Jay Circle,904-580-0503,1966-03-09,Male
145,Brigitta Marrian,8 Sunfield Pass,385-800-6696,2015-07-14,Female
146,Esmeralda Lennie,5 Waywood Way,547-455-6273,1987-01-19,Female
147,Tiebout Benesevich,1 Lien Parkway,170-201-1595,1980-07-13,Male
148,Jojo Ghiron,7175 Forest Run Street,451-342-5617,2006-01-05,Female
149,Paola Gove,7 Muir Lane,969-862-9682,1961-01-14,Female
150,Melessa Dyzart,08206 Northwestern Plaza,385-371-1568,1976-10-01,Female
151,Elladine Lawtie,60 Maryland Terrace,997-683-6158,1974-11-22,Female
152,Jayme Duke,68 Lawn Place,630-698-7676,1960-09-09,Female
153,Cass Brunetti,40813 Maryland Plaza,355-135-5187,2001-03-22,Male
154,Darell Brikner,1 John Wall Lane,417-585-2356,2004-11-13,Female
155,Claudianus Hindhaugh,4 Fisk Center,538-197-0740,2003-11-07,Male
156,Kristy Grzesiak,861 Union Terrace,358-991-5799,1965-12-14,Female
157,Ulises McGlaud,6 Loftsgordon Court,715-899-0125,1974-07-19,Male
158,Augie aManger,50197 Clarendon Court,159-159-2644,2008-03-04,Male
159,Berenice Cecchetelli,94518 Maryland Alley,271-293-3006,1963-08-02,Female
160,Benny Gannon,65171 Sheridan Drive,537-765-5190,1981-11-19,Female
161,Adaline Okell,2 Emmet Point,247-531-7509,2005-02-04,Female
162,Margarita Marshfield,8 Division Park,261-367-7298,1989-07-03,Female
163,Trstram Cuskery,037 Monterey Circle,785-778-6028,1992-03-10,Male
164,Illa De Ath,4876 Starling Alley,169-211-0063,2002-01-16,Female
165,Joshia Brucker,62 Portage Way,991-316-7236,1977-09-01,Male
166,Reggie Beardsworth,46455 Cardinal Road,764-922-4077,1994-10-17,Female
167,Thebault Robottham,77619 Independence Park,780-296-7779,1960-07-25,Male
168,Letizia Grocock,64 Pepper Wood Pass,241-470-6799,2006-09-08,Female
169,Cyrille Elgy,37991 Mccormick Plaza,528-517-6764,1985-05-11,Male
170,Mario Knapp,8 Duke Drive,764-394-2574,2013-03-13,Male
171,Shirley Covey,97652 Brickson Park Drive,653-344-5868,1978-12-23,Female
172,Teressa Nani,2 Birchwood Way,435-608-1238,1987-05-06,Female
173,Krystle Djurisic,27149 Crowley Avenue,154-283-7253,1962-12-30,Female
174,Cleavland Cromack,98418 Prentice Crossing,292-627-5763,1978-05-17,Male
175,Jacklyn Barnaby,72 Lillian Court,414-705-6014,1982-07-09,Female
176,Conchita Spreull,94304 Merrick Junction,901-961-9608,2016-01-21,Female
177,Robyn Sillick,4328 Old Gate Lane,860-275-5097,1984-04-22,Female
178,Tyrus Stickler,2 Rusk Place,843-741-9491,1977-02-05,Male
179,Rica Wallach,57440 3rd Alley,106-733-5208,1998-02-12,Female
180,Brynn Atwell,4 Declaration Alley,132-913-3156,1987-08-30,Female
181,Berke Etienne,0223 Dayton Street,980-101-6138,1975-01-11,Male
182,Paul MacKay,1467 Melvin Lane,709-219-7608,1985-01-09,Male
183,Lynea Bisacre,44 Rowland Plaza,760-235-0916,2007-02-13,Female
184,Marlow Bouchier,1 Burning Wood Circle,608-387-1121,1981-11-18,Male
185,Leigh Vivien,1609 Ridgeway Trail,909-966-7793,1972-02-06,Male
186,Winnie MacKaile,13285 Northwestern Way,761-386-6580,2000-08-16,Male
187,Joannes Nanelli,82 Butternut Alley,676-995-5232,1983-06-22,Female
188,Thorpe Pitkeathley,8930 Sherman Junction,687-118-3043,1978-11-29,Male
189,Alister Fitzsimons,72598 Pankratz Park,322-404-6416,2003-09-24,Male
190,Verine Wheelhouse,2 Dwight Circle,933-839-6922,2018-12-20,Female
191,Franchot Sibbson,4950 Pennsylvania Court,652-523-9547,1963-05-19,Male
192,Devlen O' Donohue,8 Aberg Court,815-468-5523,2010-04-25,Male
193,Wallache Carstairs,45206 Forster Way,766-439-0908,2006-08-02,Male
194,Ty Scudder,7351 Crownhardt Way,767-471-4774,1973-01-17,Male
195,Bern Haggith,2697 Spenser Place,515-751-1800,1972-11-14,Male
196,Marrissa Halson,605 Jenifer Court,185-339-8993,1986-05-28,Female
197,Frederica Gavaran,5626 Cottonwood Alley,512-778-4359,2017-03-20,Female
198,Clio Fripps,6397 Larry Circle,677-905-5660,2014-02-02,Female
199,Beth Asipenko,921 Chinook Drive,440-443-7403,2008-04-15,Female
200,Jonas Pudsey,059 Melrose Plaza,558-861-2761,2016-02-10,Male
201,Valry Raithby,3 Portage Way,718-645-8830,1978-02-16,Female
202,Fletch Guirau,4357 Columbus Circle,325-116-6912,1964-02-09,Male
203,Bobinette Rickhuss,6247 Portage Street,946-355-4693,2001-09-01,Female
204,Waldo Stannislawski,00512 Mayer Street,247-422-7265,2010-07-29,Male
205,Hugo Meneyer,9 Gale Hill,358-316-9848,1967-06-28,Male
206,Jobina Tombleson,9133 Gale Hill,686-925-8407,1971-01-13,Female
207,Sherwynd De Andisie,7202 Manitowish Parkway,752-657-4729,2005-09-18,Male
208,Hadlee Costi,45102 Pond Circle,646-190-7965,2017-08-04,Male
209,Foss Deadman,8 Nobel Street,184-785-2442,1988-02-08,Male
210,Peyter Dumphries,5 Gateway Avenue,972-971-3792,1995-11-24,Male
211,Connie Isley,29704 Raven Alley,495-770-0325,1999-11-28,Male
212,Tessie Chambers,1109 Vernon Circle,220-155-8015,1991-09-22,Female
213,Hedwig Munden,662 Kropf Court,366-200-4552,1982-09-15,Female
214,Elly Sindle,9 Veith Center,807-407-3904,2001-03-07,Female
215,Gaspar Rediers,459 Chive Street,249-800-8901,1972-08-22,Male
216,Sim Lovekin,708 Novick Alley,778-633-2590,2011-12-17,Male
217,Raynell Fockes,0600 Oak Valley Alley,702-417-5963,1961-06-22,Female
218,Laura Scarth,2 Barby Way,234-796-3731,1997-04-29,Female
219,Ly Yeell,1691 Hoepker Avenue,261-868-7653,1964-11-01,Male
220,Debee Kellegher,046 Sherman Crossing,860-596-2743,1995-08-27,Female
221,Leese Schuchmacher,614 Village Green Park,899-276-3631,1977-12-21,Female
222,Theodosia Matskiv,38193 Ryan Alley,516-627-2814,1998-03-28,Female
223,Dolorita Brickwood,4343 Shopko Pass,229-714-2454,1979-12-26,Female
224,Lindsey Woosnam,23748 6th Point,870-878-2332,2006-11-29,Male
225,Alwin Backshaw,88 Manitowish Alley,983-926-5143,1986-04-22,Male
226,Venus D'Alesio,8851 Dexter Alley,861-985-5909,1969-12-24,Female
227,Vitia Barette,590 Prentice Road,900-412-2094,2004-09-29,Female
228,Fran Dwire,6 8th Pass,420-578-4674,2017-12-10,Female
229,Kit Jancy,52 Loftsgordon Park,279-150-9218,2013-01-24,Female
230,Alisha Aldren,0 Westridge Hill,890-507-3717,1976-11-08,Female
231,Noelani Carefull,08 Northview Plaza,181-908-4680,1992-12-14,Female
232,Zsa zsa Gabrieli,1580 Lindbergh Junction,957-400-6751,1979-08-24,Female
233,Bay Gamlin,701 Helena Circle,538-521-5052,1994-02-28,Male
234,Ozzy Lacoste,96041 Lillian Junction,240-697-2458,2002-11-28,Male
235,Jeanette O'Dunneen,1 Mockingbird Trail,250-608-6028,1983-10-12,Female
236,Catherina Colloby,787 Kennedy Circle,225-620-2262,1968-10-23,Female
237,Danita Trase,61281 Myrtle Park,504-441-9758,1979-08-17,Female
238,Hodge Wigelsworth,003 Scofield Center,210-783-5557,1992-10-04,Male
239,Ania Hatcliffe,5379 Wayridge Road,787-966-8586,1985-07-28,Female
240,Kellyann Prendergrass,95 Welch Crossing,199-489-1649,1985-07-04,Female
241,Gianina Pietri,9388 Fisk Hill,682-129-2153,1963-10-26,Female
242,Kelsey Eyes,537 Onsgard Center,373-631-3434,1972-01-25,Female
243,Angil MacAvaddy,94 Westridge Trail,228-873-0903,2007-01-27,Female
244,Gregoire Bessett,12 Buell Pass,460-531-1336,2000-07-04,Male
245,Marshal O'Shea,446 Vahlen Lane,442-481-1498,2003-10-02,Male
246,Regen Stuart,94125 Raven Center,997-288-1103,1988-04-04,Male
247,Grethel Yell,99 Maywood Terrace,165-673-0122,1966-01-29,Female
248,Felisha Brandts,912 Golf View Parkway,121-333-8803,1970-10-23,Female
249,Scarlet Baruch,35 Hanover Way,339-287-5024,2017-01-12,Female
250,Salem Bealing,89 Norway Maple Hill,643-528-2741,1969-11-19,Male
251,Louie Govern,86 Farragut Way,153-747-8614,2009-06-12,Male
252,Dayna Dreng,7 Reinke Circle,863-970-5489,1977-04-01,Female
253,Korney Alexandersson,469 Lunder Parkway,908-318-4969,1991-08-24,Female
254,Emlynn Bretherton,00 Steensland Crossing,269-527-0613,1978-10-17,Female
255,Jenica Rostron,6485 Pankratz Trail,486-971-6712,2009-09-16,Female
256,Mattie Switland,450 Moland Drive,705-133-3224,1985-09-18,Female
257,Horacio Filliskirk,63 Harbort Park,916-975-2709,1983-10-24,Male
258,Abelard Bray,739 Utah Place,881-391-7420,2007-03-29,Male
259,Rozalie Piecha,46256 Moose Center,582-809-9662,2015-05-25,Female
260,Maxy Goldup,702 Sheridan Road,915-545-8702,1983-08-06,Female
261,Kelly Wrathall,96 Towne Pass,745-515-0972,1993-12-24,Female
262,Tomlin Caudwell,3 Rutledge Pass,271-465-0397,2003-02-27,Male
263,Ania Jeannaud,18 Canary Road,920-167-3075,2013-02-02,Female
264,Bowie Aiton,9 Loftsgordon Way,423-578-2354,1960-04-22,Male
265,Jaye L'Archer,12 Hanson Alley,295-648-9997,1984-03-08,Male
266,Ab Hothersall,374 Golf Pass,806-665-2791,1997-06-24,Male
267,Constantina Harston,58620 Rockefeller Street,938-577-6349,2006-01-23,Female
268,Lannie Challicombe,346 Blaine Lane,864-804-6983,1960-04-21,Male
269,Kevina Guidoni,50 Petterle Drive,769-101-4989,1979-04-14,Female
270,Emanuele Alvarado,84038 Rigney Pass,264-765-3250,2002-12-04,Male
271,Georgie Sergant,79623 Bay Hill,468-814-0238,2009-02-02,Male
272,Ruperta Bristow,658 Fordem Alley,503-450-1655,1994-08-20,Female
273,Ashly Harcombe,7959 Rigney Lane,203-916-6776,1992-09-19,Female
274,Ranique Pavey,84 Bunker Hill Way,237-842-6297,1975-03-29,Female
275,Symon Montfort,7395 Vahlen Court,331-430-5111,2017-07-09,Male
276,Dwain Deveraux,07 Oakridge Plaza,423-315-6924,1976-10-30,Male
277,Virgie Phillippo,6338 Shasta Pass,179-380-2682,2005-03-04,Male
278,Saleem Jezard,6558 Norway Maple Pass,581-779-4279,2010-04-17,Male
279,Adolph Dalliwatr,970 Fremont Hill,677-356-3991,1984-08-01,Male
280,Annetta Setch,268 Anzinger Road,143-165-3933,1987-08-17,Female
281,Annalise Baus,52982 Texas Parkway,787-223-5376,1989-02-23,Female
282,Charlene Benedito,376 Troy Park,429-174-8058,1996-04-11,Female
283,Scotty Wardesworth,725 Bashford Street,103-451-2879,1992-04-18,Male
284,Nevsa Bolver,32597 Pawling Drive,425-709-1247,2012-10-08,Female
285,Drusie Strick,0344 Brentwood Park,452-701-3918,1967-12-18,Female
286,Dewie Drinkall,39 Golden Leaf Plaza,255-201-6786,1969-10-18,Male
287,Elinor Lewens,558 Roth Hill,388-578-4733,1988-10-17,Female
288,Anabal Penrose,49 Sugar Court,265-585-3335,1997-03-23,Female
289,Darwin Hardy-Piggin,66412 Spohn Plaza,568-560-3181,2014-06-30,Male
290,Adolphe Bayless,9496 Pepper Wood Circle,740-844-2457,2010-02-05,Male
291,Karin Drewet,56 Merchant Pass,818-473-1139,2000-07-06,Female
292,Cristal Pearton,85 4th Plaza,652-306-8747,1972-01-02,Female
293,Gerick Billings,2 Park Meadow Drive,956-447-6208,1965-04-22,Male
294,Joyan Clench,46173 Vidon Road,619-860-1365,2017-02-22,Female
295,Marketa Boyer,68 Oakridge Drive,640-326-0577,2014-01-08,Female
296,Aaren Cheesman,6 Upham Parkway,556-760-2887,2001-04-06,Female
297,Engelbert Joliffe,255 Old Gate Road,126-487-1085,1975-01-25,Male
298,Erl Ethridge,905 Cordelia Court,530-204-6864,1997-12-07,Male
299,Prince MacCarter,14800 Blackbird Trail,437-187-1667,1973-01-29,Male
300,Boyce Rennolds,2453 Judy Junction,912-114-5468,1963-01-19,Male
301,Haley Heineke,8049 5th Circle,509-926-0525,1999-05-22,Female
302,Nealon Ferreira,6 Hanover Alley,636-757-7169,1999-06-17,Male
303,Tabitha Stolte,3 Hanover Parkway,101-288-5327,1961-08-08,Female
304,Beilul Payze,9 Morning Circle,303-329-7257,1973-04-30,Female
305,Ripley Dallewater,39 Annamark Park,318-133-4535,2012-11-12,Male
306,Eduardo Clara,3 Pierstorff Street,909-623-7047,1990-09-13,Male
307,Koenraad Olerenshaw,72413 International Park,119-863-4465,1960-08-05,Male
308,Foss Motten,950 Briar Crest Alley,237-470-5929,1976-11-17,Male
309,Eziechiele Studd,55054 Gale Avenue,189-985-2238,1962-04-19,Male
310,Magdalene Bruty,53989 Knutson Road,982-880-9551,2010-01-09,Female
311,Erwin Grigaut,7837 Charing Cross Park,885-544-6427,1999-09-26,Male
312,Randolph Livingstone,79 Coleman Circle,711-512-3448,1987-03-03,Male
313,Valenka Brise,7426 Mandrake Drive,694-569-0485,2010-07-01,Female
314,Hasty MacCook,6454 Carberry Court,539-178-2335,2003-10-02,Male
315,Sid Sheldrick,19622 Lillian Place,271-901-5560,1963-10-08,Male
316,Arline Manion,96669 Portage Plaza,241-674-3801,1981-12-21,Female
317,Guido Tamplin,7 Maryland Plaza,993-269-5411,1966-10-26,Male
318,Janetta Fleischer,10568 Kenwood Crossing,484-350-3819,1985-12-25,Female
319,Elwin Corner,5116 Pearson Drive,185-863-1305,2011-07-29,Male
320,Reinaldo Rickford,99617 Blaine Junction,135-868-6356,1979-11-19,Male
321,Tod Phillips,98287 Hoard Lane,414-693-3126,2000-11-16,Male
322,Dennie Huntington,18 Mifflin Drive,421-969-6862,2007-04-02,Male
323,Don Perroni,4 Warbler Street,514-562-4094,2010-12-19,Male
324,Bil Mabe,3 Surrey Road,214-699-3928,2000-08-24,Male
325,Lianne Zarb,11568 Magdeline Place,988-509-1564,2003-10-17,Female
326,Sterne Boumphrey,068 Holy Cross Crossing,497-701-1634,2009-10-31,Male
327,Elnora Wheal,7 Clove Center,853-193-0107,1985-06-06,Female
328,Giovanna Tombling,82963 Sachtjen Plaza,807-647-8366,2004-04-28,Female
329,Thaxter Stubbley,148 Hagan Center,709-806-9760,1964-06-04,Male
330,Jeana Tomala,174 Forest Dale Court,386-659-1980,1990-08-10,Female
331,Winna Geroldi,750 Columbus Drive,537-705-7201,2015-01-01,Female
332,Erl Gonzalez,89 Crescent Oaks Trail,559-282-9664,1981-12-14,Male
333,Casi Yarrington,74854 Ryan Way,606-681-9740,1991-01-20,Female
334,Levey Bartell,4007 Troy Way,526-979-6903,1992-07-06,Male
335,Olive Marmon,1967 Drewry Park,166-118-5007,2002-08-29,Female
336,Wynn Kitchenman,2878 Brentwood Drive,105-905-2956,1979-12-13,Female
337,Nomi Staniford,37 Orin Place,162-306-0740,1991-12-01,Female
338,Thomas Gurney,1014 Arrowood Road,848-752-3955,1961-08-31,Male
339,Eugenio Coarser,94651 Village Way,175-261-4624,2002-01-29,Male
340,Dukie Alliberton,3332 Morrow Place,834-514-5562,1980-03-17,Male
341,Brod Imort,35448 Manley Trail,327-430-5428,1976-02-12,Male
342,Kane Germaine,57 Northland Point,973-859-7041,1972-10-30,Male
343,Eddy Hamblin,85591 Pawling Court,798-739-4768,2018-10-26,Male
344,Ellwood Prestige,916 Linden Junction,185-262-5345,1971-05-07,Male
345,Marty Jovovic,13605 Bay Center,213-928-9437,1995-10-10,Male
346,Maureen Lashford,815 South Road,740-804-8006,1984-01-29,Female
347,Malissa Raiston,3 Westridge Point,975-845-9592,2002-09-02,Female
348,Deeyn Fields,311 Pine View Street,250-495-7130,1996-09-19,Female
349,Neddie Franke,097 Prentice Center,953-178-7388,2006-09-05,Male
350,Mala Cornew,1773 Bayside Drive,238-283-1471,1962-11-02,Female
351,Shelby Styche,4 Hanover Circle,657-903-0105,1961-01-03,Male
352,Kristofer Jagiela,40971 Sommers Hill,183-401-4446,1983-12-26,Male
353,Marcos Shiliton,29876 Sundown Way,196-279-5868,1971-02-16,Male
354,Rozalin Casale,2 Redwing Avenue,570-932-4089,1995-11-01,Female
355,Katharina Kermath,75 Crowley Point,193-633-7642,1998-05-18,Female
356,Neale Merigot,4 Elmside Avenue,416-720-4087,2002-09-23,Male
357,Townie Galsworthy,0 Fordem Avenue,216-477-1797,1995-12-04,Male
358,Camala Arno,8 Crownhardt Pass,997-521-6716,1991-11-01,Female
359,Graham Alsop,8746 Corscot Pass,736-616-7967,1981-10-02,Male
360,Berky Sinden,31634 Prairie Rose Hill,937-926-3842,2006-12-25,Male
361,Moyra Flye,34932 Vera Junction,396-835-8056,1991-08-20,Female
362,Justino Hartness,66620 Oriole Terrace,319-610-9562,1982-11-26,Male
363,Chaddie Aldred,04 Oxford Junction,264-477-9878,1988-07-28,Male
364,Jeri Pert,76101 Kim Court,512-497-7225,1960-09-08,Female
365,Veronika Barbera,18252 Waubesa Lane,675-411-7786,2000-02-28,Female
366,Charlene Badland,463 Melvin Street,851-336-0037,2002-11-25,Female
367,Aldric Cluley,6960 Red Cloud Circle,127-198-4426,1991-08-29,Male
368,Lazaro Playfoot,818 Fieldstone Crossing,345-945-9076,2003-05-28,Male
369,Courtenay Barczewski,5946 Karstens Circle,738-781-5505,1999-12-19,Female
370,Meryl Banting,147 Annamark Trail,682-423-2226,1971-01-10,Female
371,Glynda Ianiello,6320 Hoard Alley,104-828-3373,1977-12-08,Female
372,Land Chafney,1414 Jenifer Center,282-472-1807,2005-04-30,Male
373,Rick Snazel,1919 Sutherland Crossing,839-166-8402,1985-01-22,Male
374,Hillary Flattman,32223 Hooker Crossing,696-673-6252,2003-05-09,Female
375,Wang Leppo,58815 Tony Pass,565-823-6879,2003-08-03,Male
376,Sigvard Kanzler,3831 Superior Alley,732-172-9102,1981-07-04,Male
377,Markus Lacroux,59 Algoma Crossing,637-534-5317,1986-05-12,Male
378,Berrie Hakey,497 Ryan Street,508-809-1784,1964-12-27,Female
379,Cullin Pirie,18 Burrows Park,190-869-5558,1990-01-27,Male
380,Dionysus Stearne,776 Victoria Court,857-530-2564,2000-09-11,Male
381,Minette Capelow,092 Main Point,953-703-3345,1996-04-19,Female
382,Bil Casemore,168 Kingsford Court,738-234-7302,1971-08-20,Male
383,Yalonda Verma,334 Maywood Place,794-669-1351,2018-01-21,Female
384,Mariette Browell,3 Kedzie Park,871-757-1970,1993-02-07,Female
385,Beverlee Leavesley,1 Warner Center,300-510-0546,1985-04-07,Female
386,Chlo Fullick,64 Artisan Drive,285-625-0572,1966-07-04,Female
387,Oralla Dorton,590 Charing Cross Park,697-981-6520,1963-07-13,Female
388,Malachi Habgood,13 Declaration Terrace,496-450-8285,2008-06-22,Male
389,Cordi Engledow,060 Macpherson Junction,586-123-6862,2005-03-15,Female
390,Maye Coronas,28962 Independence Alley,126-386-5661,1988-02-14,Female
391,Deirdre Witherbed,716 Debra Plaza,907-789-6058,2004-09-09,Female
392,Margy Clapp,448 Towne Avenue,628-370-5827,1993-04-16,Female
393,Titos Decent,61 Nevada Center,260-106-1650,2017-11-22,Male
394,Cortie Dilger,80 Stephen Crossing,680-369-4460,1997-02-03,Male
395,Garry Game,932 Fremont Way,595-739-9639,2005-10-25,Male
396,Wait Ankrett,7087 Northview Junction,535-350-5391,2013-07-07,Male
397,Loni Danielli,00 Drewry Junction,998-455-8777,1997-07-11,Female
398,Jessie Eschalette,21492 Southridge Pass,882-284-8744,2008-03-03,Male
399,Vi Fraschini,25 Kings Parkway,556-547-9968,1967-07-15,Female
400,Mahmoud Crimpe,4245 Bashford Hill,572-873-5266,1964-08-27,Male
401,Rudy Tambling,7208 Burrows Avenue,308-634-7664,1978-08-18,Male
402,Pamela Harley,17 Oak Alley,754-661-4986,1996-06-13,Female
403,Madelon Utridge,7 Scoville Parkway,847-817-3864,1976-03-13,Female
404,Tabbie Size,40293 5th Street,341-589-4325,2002-02-26,Male
405,Gradey Marcome,18 Talisman Avenue,391-877-2848,1977-01-27,Male
406,Ethelind Abbes,0201 Comanche Lane,819-671-7061,1998-01-16,Female
407,Martita Delong,07775 Morning Way,544-290-7399,1986-08-02,Female
408,Bee Rivett,10 American Park,527-906-8515,2018-01-16,Female
409,Alister Minister,7790 Bunting Terrace,805-541-8800,1999-05-19,Male
410,Henrik Sandercroft,86 Dixon Park,184-654-0307,1987-11-04,Male
411,Elwood McCaughen,804 Holmberg Trail,567-800-8556,1978-01-04,Male
412,Udell Boyan,6 Sommers Court,910-537-2404,1972-04-10,Male
413,Kristyn Bromidge,1014 Hintze Circle,758-703-6463,1990-09-09,Female
414,Brynna Mulderrig,741 Texas Way,625-720-3482,1988-01-14,Female
415,Justen Canelas,311 Hintze Street,194-715-2994,2002-05-03,Male
416,Remington Kieran,80 School Way,335-596-9934,1999-10-25,Male
417,Georgena Bubear,229 Main Circle,687-676-0438,1994-09-15,Female
418,Salvidor Halstead,9110 Ryan Terrace,308-976-3040,1981-07-13,Male
419,Kalina Farnon,037 Kipling Court,571-920-0726,1965-08-01,Female
420,Agna Deboick,1587 Crowley Junction,411-486-8573,2001-11-24,Female
421,Llewellyn Chmarny,043 Merry Pass,319-376-0904,2002-04-06,Male
422,Barbe Dockreay,38614 Morrow Center,618-901-6081,1999-06-12,Female
423,Gusella Coils,2136 Esker Hill,336-457-7994,2003-05-18,Female
424,Bartolemo Etoile,787 Melby Place,555-914-7604,1977-10-02,Male
425,Gaylene Scane,2949 Fairfield Place,543-693-1364,2003-03-10,Female
426,Rose Tinline,97 Hayes Plaza,648-793-5815,2017-12-01,Female
427,Rupert Lanceter,04 Northland Parkway,987-675-9664,2006-04-26,Male
428,Beckie Tamas,78409 Oxford Trail,290-827-2496,1961-03-25,Female
429,Anson Bradman,96668 Service Way,273-613-9693,1996-07-26,Male
430,Annette Moorhead,87462 Waubesa Lane,212-163-9130,1997-05-02,Female
431,Arlina Ingleby,100 Derek Point,531-862-1701,2017-10-24,Female
432,Marga Tompsett,409 Columbus Terrace,383-442-7207,2017-07-13,Female
433,Emanuel Aslum,427 Morrow Pass,132-533-4126,1992-10-12,Male
434,Orin Arnson,4 Gale Park,815-569-5779,2018-02-09,Male
435,Montgomery Beecroft,959 Leroy Hill,518-985-9451,2009-09-01,Male
436,Josiah Rodman,104 Cardinal Terrace,230-244-1670,2013-03-02,Male
437,Zena Siemens,66 Heath Lane,663-685-2250,1961-04-04,Female
438,Sioux Itchingham,5 Pierstorff Terrace,787-363-2619,1981-02-23,Female
439,Cassy Andriveaux,660 Barby Street,629-377-3098,1991-07-25,Female
440,Marji Arnely,77 Melby Street,489-779-5900,1979-02-28,Female
441,Carmine MacQuarrie,291 Northridge Street,586-812-0148,1967-04-21,Female
442,Ameline Berfoot,1564 Carioca Trail,308-836-1900,1979-03-19,Female
443,Jedediah Ledbetter,165 West Avenue,905-492-4658,1961-02-01,Male
444,Rolando Corpes,198 Bonner Drive,102-457-4665,2009-02-10,Male
445,Terese Schout,46 Ruskin Alley,591-879-8151,2014-06-08,Female
446,My Stigers,695 International Road,766-612-1178,1960-03-13,Male
447,Christiane Duddridge,531 Clemons Trail,743-770-6684,1981-09-09,Female
448,Dennison Verillo,4 Derek Circle,699-752-2492,1963-09-01,Male
449,Shela Emps,046 Oakridge Crossing,255-992-5248,1983-03-18,Female
450,Dinnie Baude,7592 Linden Parkway,623-773-2356,1990-04-11,Female
451,Nannette Thompson,3304 Hazelcrest Court,102-438-9035,1983-12-06,Female
452,Humphrey Velez,177 Farmco Road,663-294-5292,1973-07-05,Male
453,Fidole Garritley,0 Maywood Junction,746-446-3773,1992-09-02,Male
454,Berkeley Pigram,3 Derek Street,776-463-8405,2000-02-08,Male
455,Talbot Wheelwright,45041 American Ash Junction,652-270-2698,1965-03-25,Male
456,Fionna Micco,353 Evergreen Terrace,560-524-6567,1968-07-20,Female
457,Arnaldo Melesk,54422 Homewood Place,696-793-5040,1961-07-16,Male
458,Wendell O' Quirk,1 Bashford Street,358-133-6596,1975-09-10,Male
459,Darius Hutsby,1482 Vermont Road,794-393-0854,1985-06-14,Male
460,Carolan Burdin,2390 Pine View Circle,871-687-7735,1973-04-02,Female
461,Ivan Morsom,6 Roxbury Avenue,441-425-5753,1986-05-15,Male
462,Lorie Conrath,0915 Ilene Point,966-740-3622,2012-02-19,Female
463,Imojean Point,7 Harbort Way,802-835-6002,2008-06-18,Female
464,Raymund Alliban,09892 Cardinal Park,517-169-4893,1968-12-19,Male
465,Kaitlynn Fedder,95 Miller Alley,185-550-1941,1999-10-10,Female
466,Kira Ripsher,1 Glacier Hill Plaza,221-101-7210,1988-12-10,Female
467,Bryn Halvorsen,05870 Maple Lane,674-760-7096,1996-03-03,Female
468,Leodora Phython,8240 Anzinger Avenue,328-234-4698,2006-12-10,Female
469,Brnaby Grinstead,535 Riverside Place,423-599-7514,1971-12-10,Male
470,Suzanna McGreay,385 North Center,839-974-3164,2013-08-25,Female
471,Erwin Jablonski,828 Schiller Place,394-217-5667,2017-09-04,Male
472,Brendin Worgen,94 Scoville Street,271-605-8597,1996-11-12,Male
473,Gelya Ugolini,16398 Dovetail Lane,547-235-8707,1979-10-07,Female
474,Ulrica Broadbridge,00403 Hagan Plaza,733-959-4209,1961-07-16,Female
475,Wolfgang Manwell,551 Thompson Terrace,854-952-2142,1975-12-26,Male
476,Dulcie Robberecht,26672 Burning Wood Pass,322-424-0892,1984-08-28,Female
477,Clarie Emmanuel,0 Erie Circle,635-877-7436,1968-06-16,Female
478,Fitz Tickel,6706 Dawn Park,298-448-4528,2007-04-04,Male
479,Les Benedek,6 High Crossing Hill,870-213-5770,1981-09-14,Male
480,Donetta Scarsbrick,5 Merrick Drive,828-397-2080,1974-09-26,Female
481,Myles MacChaell,515 Kipling Point,742-972-1314,1993-09-06,Male
482,Devinne Cousens,1 Sloan Park,270-700-7025,1979-06-28,Female
483,Zollie Petri,072 Loftsgordon Lane,755-390-8968,1983-10-07,Male
484,Shirlee Hodgin,65013 Forest Run Circle,693-209-5372,1972-06-21,Female
485,Dorey Gytesham,08 Riverside Parkway,919-328-0907,1973-11-21,Female
486,Mortimer Hurt,53 Hagan Drive,457-137-4388,1999-03-19,Male
487,Katie Sheach,6 Loomis Parkway,240-633-4091,1965-08-03,Female
488,Sherman Roxburch,36 Warbler Trail,233-550-7395,1971-12-18,Male
489,Shannon Rosenhaupt,31667 Donald Pass,579-141-8988,1970-01-26,Female
490,Augustus Brian,0 Annamark Avenue,824-552-8935,1969-07-10,Male
491,Granthem Macak,83702 Mayfield Circle,707-696-2982,1969-04-01,Male
492,Rowen Pease,24476 Stang Lane,400-398-7086,1966-07-02,Male
493,Brigham Brook,82631 Lyons Point,930-110-9789,2008-03-02,Male
494,Rosemonde Lord,954 Norway Maple Terrace,797-950-8603,1967-01-18,Female
495,Antoine Vivash,279 Dixon Hill,151-755-4079,1971-10-27,Male
496,Maribelle Shillan,95979 Spenser Terrace,692-259-4321,1990-09-22,Female
497,Herbie Savory,3957 Amoth Street,132-525-1100,2008-04-30,Male
498,Maryjo Tremlett,8 Meadow Valley Park,474-140-0110,1997-01-27,Female
499,Clemmie Poulsum,8140 Hovde Parkway,640-785-1975,1980-06-01,Male
500,Ranna Benettolo,5 Holy Cross Trail,789-658-5263,1999-12-21,Female
501,Hugo Uden,634 Oriole Park,704-596-5884,2001-08-08,Male
502,Jedidiah Akeherst,6 Killdeer Place,396-330-0475,1994-12-23,Male
503,Krystalle Danielczyk,88620 Vermont Street,566-433-4623,2005-02-05,Female
504,Scarlett Sarfat,807 Raven Court,222-856-3974,1971-12-09,Female
505,Shelden D'Alwis,07 Stuart Court,925-689-1284,2003-11-04,Male
506,Eugene Wraith,072 Buhler Pass,600-465-6221,2013-10-17,Male
507,Dotty Calverley,4390 Mosinee Terrace,539-439-5784,2002-02-08,Female
508,Frannie Skill,46961 Portage Junction,546-461-5951,1967-11-11,Male
509,Elias Denisard,5290 North Park,854-409-5328,2009-07-14,Male
510,Bond Stent,2 Shoshone Lane,727-757-6041,2018-02-07,Male
511,Myrta Baudts,9264 Spenser Lane,348-511-6356,1989-04-19,Female
512,Brit Silkstone,2365 Namekagon Place,352-654-0957,2003-09-08,Male
513,Emmalyn Killingbeck,50028 Sycamore Center,241-223-4473,2007-01-16,Female
514,Hobart Caville,38 Pepper Wood Park,428-826-5611,1970-05-13,Male
515,Kaja O'Noulane,4 Di Loreto Center,656-503-4161,1974-02-11,Female
516,Nahum Jansie,35 Warrior Point,728-802-7401,1987-02-22,Male
517,Jamie Everington,7249 Debra Alley,967-133-9093,1971-07-10,Male
518,Syman Maffia,39 Muir Center,257-122-4981,1981-04-19,Male
519,Weider Rosenau,1973 Sullivan Junction,788-589-4842,1996-04-20,Male
520,Elwira Romao,47 Dayton Parkway,634-993-1257,1983-12-30,Female
521,Shae Sikorsky,536 Waywood Pass,567-418-4381,1995-08-27,Male
522,Beverlee Hearnshaw,4 Village Green Alley,509-946-9688,1964-10-27,Female
523,Karoly Fretson,760 Elgar Drive,264-268-7871,2014-10-29,Female
524,Merwin Hansemann,9298 Springview Court,100-136-6394,2006-09-23,Male
525,Addie Macenzy,3 Texas Hill,275-318-4291,1992-05-26,Male
526,Irita Seedman,01707 Quincy Terrace,794-119-7638,1997-03-11,Female
527,Lianne Witherdon,66361 Eagan Drive,806-438-1143,1964-11-10,Female
528,Hyacinthie Shafe,214 Shasta Trail,910-853-2298,1979-01-05,Female
529,Iorgos MacMoyer,39 Merchant Drive,529-698-8005,1996-05-03,Male
530,Garald Barnet,011 Goodland Avenue,783-869-9119,1972-09-15,Male
531,Karl Salatino,3 Annamark Parkway,389-798-6562,1981-12-22,Male
532,Parnell Joscelyn,9 Menomonie Lane,473-564-6573,1986-05-13,Male
533,Freddie Blague,1 Artisan Parkway,925-268-3051,1974-05-03,Male
534,Tommie Pestricke,37257 Laurel Park,131-542-0956,1973-01-06,Male
535,Roseanna Biskupiak,7 Burrows Crossing,783-586-4217,1970-11-17,Female
536,Kylila Garfoot,73 Pine View Point,387-953-6788,1980-07-16,Female
537,Salim Brambell,77 International Place,605-368-7653,1994-05-07,Male
538,Shawna Heyburn,23 Cherokee Circle,135-945-7314,1960-12-18,Female
539,Georgie Apark,6501 Straubel Place,345-135-5773,1990-07-11,Female
540,Austina Elverstone,13167 Meadow Valley Court,159-735-4132,1969-11-12,Female
541,Bibby Milland,51297 Mosinee Pass,389-506-4795,1985-07-18,Female
542,Lind Wyness,1 Artisan Lane,514-649-6015,2014-08-30,Male
543,Gill Hurling,2 Banding Circle,365-579-6185,1987-03-19,Female
544,Jourdain Horwell,783 Packers Lane,892-910-1660,1987-10-04,Male
545,Wyatt Klimontovich,53 Dottie Park,282-969-2337,1977-10-18,Male
546,Sheffield Barnish,730 Shelley Lane,191-621-4737,2004-01-10,Male
547,Earvin Grabban,765 Novick Center,533-975-0619,1967-12-24,Male
548,Lyle Houtby,86 Talmadge Circle,596-889-5476,2002-01-18,Male
549,Otto Elis,6153 Thackeray Junction,324-658-1017,1971-01-26,Male
550,Sybille Woehler,669 Tony Street,703-642-0183,1962-10-19,Female
551,Cyndy Side,7049 Gulseth Junction,999-505-5246,1962-07-06,Female
552,Austine Elms,38576 Vidon Crossing,737-522-2005,1980-01-02,Female
553,Emelina Golsthorp,95516 Waxwing Drive,118-768-4320,1962-12-14,Female
554,Bernhard Sjollema,3 Barby Junction,501-805-5898,1995-10-28,Male
555,Fulton Matelyunas,956 Browning Avenue,802-144-7634,2002-11-16,Male
556,Neal Kirkness,49041 Di Loreto Hill,396-862-2130,1998-08-29,Male
557,Kikelia Charlo,40 Miller Place,356-382-2773,1976-07-27,Female
558,George Ingleston,872 Delladonna Place,572-306-1928,1974-12-26,Female
559,Kristina Files,10 Steensland Way,496-638-4323,1979-02-07,Female
560,Derron Rex,173 Alpine Junction,539-141-5582,2000-09-20,Male
561,Bil Frango,6852 Pawling Point,122-268-7288,1974-12-31,Male
562,Hayley Ivery,0 Hallows Plaza,333-614-1972,2011-12-04,Female
563,Christina Handley,00 Rigney Park,209-480-7445,1999-10-19,Female
564,Jock Chander,8114 Golf View Alley,713-496-2057,1962-01-23,Male
565,Simonne Hazlehurst,85929 7th Hill,739-349-6600,2000-02-01,Female
566,Theodoric Gustus,26331 Dixon Court,650-254-0188,2008-03-18,Male
567,Rosetta Macconachy,0 Surrey Place,208-498-4928,1986-05-09,Female
568,Berni Heck,84 Marcy Plaza,360-403-3232,1992-09-09,Female
569,Ambur Joannic,56677 Arkansas Trail,767-766-1827,1965-03-20,Female
570,Andrus Hugill,987 Muir Way,352-907-5154,1973-05-07,Male
571,Kerby Scurrey,483 High Crossing Way,676-164-8443,1985-03-27,Male
572,Linoel Filde,491 Twin Pines Place,529-861-8516,1989-03-02,Male
573,Worthy Leyband,623 Westend Lane,590-184-2069,1981-09-01,Male
574,Nickie Ionnisian,38936 Bayside Avenue,712-662-4479,1988-04-07,Male
575,Hiram Ronnay,3861 Northview Trail,213-951-0239,1965-07-02,Male
576,Cindie Filshin,43 Duke Court,481-821-0162,1972-01-09,Female
577,Farand Renol,2695 Dorton Court,733-588-7340,2004-07-27,Female
578,Clarence Towe,6 Texas Circle,384-136-6122,1981-05-18,Male
579,Betsey Bulled,26377 Weeping Birch Crossing,762-203-6343,1971-09-09,Female
580,Rollie Zanuciolii,7 Ridgeway Parkway,307-172-0343,2016-10-29,Male
581,Querida Dayer,1 Hanover Court,902-496-8380,1982-08-28,Female
582,Jone Goathrop,116 Village Hill,420-232-3423,1965-04-18,Male
583,Salli Kennan,15 Hazelcrest Center,645-229-3696,1993-11-25,Female
584,Missy Bettam,484 Mesta Road,225-565-9335,1992-07-27,Female
585,Reggis Iacovuzzi,69250 Amoth Center,312-175-4981,2010-10-22,Male
586,Malcolm Ivanishev,1147 Manitowish Park,626-972-4849,1960-06-30,Male
587,Aeriel Di Francesco,27612 Sutteridge Hill,915-947-2565,1983-02-02,Female
588,Beck Morrison,04093 East Park,196-570-1481,1970-08-14,Male
589,Shamus Bufton,79099 Marquette Way,693-872-0810,1988-02-08,Male
590,Averill Baudrey,2 Lukken Park,379-661-8910,2006-08-09,Male
591,Loreen Boswood,36 Sloan Trail,197-199-6068,2000-04-27,Female
592,Evvie Carmont,66 Forest Lane,215-761-6788,1973-10-16,Female
593,Curry Brunton,52 Cascade Crossing,682-858-7489,1981-04-13,Male
594,Malchy Cowap,10 Continental Crossing,730-697-7627,1969-11-27,Male
595,Addy Whitehair,98 Porter Alley,268-871-2430,1970-08-13,Female
596,Margo Halling,4177 Chinook Hill,949-948-2294,2006-08-28,Female
597,Thibaud Mitroshinov,374 Grasskamp Way,406-717-2139,1991-06-01,Male
598,Daryn Barnaby,7 Schlimgen Avenue,851-339-7910,2011-06-02,Female
599,Gavan Airdrie,310 Union Circle,310-937-8113,1983-02-07,Male
600,Zeb McKennan,31384 Spenser Lane,653-575-9498,1965-03-03,Male
601,Constantina Klinck,711 5th Pass,131-326-1018,2009-03-13,Female
602,Theadora Mewe,4 Kennedy Alley,174-916-2433,1981-07-21,Female
603,Amalle Kase,8792 Lotheville Lane,377-729-1206,2015-01-29,Female
604,Grayce Duinkerk,748 Londonderry Alley,951-840-5319,1965-04-09,Female
605,Nev Brede,37886 Division Trail,184-413-5311,1965-10-19,Male
606,Wright Daugherty,00262 Daystar Trail,964-384-3544,1984-06-24,Male
607,Michael Sarjeant,25215 Bunker Hill Crossing,874-826-9261,1962-11-05,Male
608,Kellina Kinman,736 Stang Junction,959-652-1637,1978-07-14,Female
609,Cecile Cook,98 Sycamore Court,530-325-7917,2014-11-12,Female
610,Wilfred Carvil,5238 New Castle Center,171-723-7217,2000-04-25,Male
611,Gina Hardy,364 Manufacturers Road,171-126-3717,2001-08-17,Female
612,Kamila Adamiak,0 Mitchell Place,804-972-0900,2003-09-22,Female
613,Baryram Filer,51199 Judy Place,351-961-4430,1975-07-29,Male
614,Jess Duval,47 Morrow Pass,188-569-7561,1994-01-11,Male
615,Deana Bee,236 Delladonna Crossing,249-402-1583,1964-02-08,Female
616,Rickard Durrand,75 Golf Course Parkway,933-152-3041,2018-01-17,Male
617,Elwyn Beazleigh,9 Moose Park,634-968-8160,2006-11-02,Male
618,Haley Ramsey,49 Bluestem Road,900-205-7186,1981-06-29,Female
619,Marybelle MacMorland,9 Merrick Alley,857-106-9340,1989-05-28,Female
620,Pauletta Clarycott,41161 Pankratz Point,938-396-5849,1970-11-05,Female
621,Brennen Runacres,89197 Ludington Road,153-226-7386,2017-03-23,Male
622,Hamish Gurry,89 Jana Place,829-931-0678,1988-06-25,Male
623,Edvard Duffer,7 Steensland Trail,904-482-5107,1976-09-10,Male
624,Drew Tresvina,003 Saint Paul Hill,971-329-0902,1989-06-01,Male
625,Sonya Ioan,72 Gerald Trail,381-141-0663,2006-08-30,Female
626,Gwenore Peirazzi,65 Russell Place,959-362-0215,1980-11-30,Female
627,Grady Bolam,2044 Northwestern Hill,144-546-4777,1967-04-27,Male
628,Larine Proudlock,60 Bayside Terrace,210-260-6152,2003-08-09,Female
629,Wylie Nezey,89937 2nd Lane,837-715-8794,1984-06-15,Male
630,Gothart Bolte,13288 Meadow Valley Park,354-458-2153,1962-04-18,Male
631,Jaymee Lowdham,067 Clyde Gallagher Hill,824-269-2434,1973-08-28,Female
632,Debbie Rubanenko,1907 Roth Place,105-554-5836,1960-05-10,Female
633,Frankie Glassman,96600 Lukken Road,374-220-4652,1976-12-27,Male
634,Lind Edinburough,6882 Hooker Way,542-739-5274,1981-07-10,Female
635,Merry Mussettini,71 Bellgrove Avenue,335-668-2477,1984-07-22,Male
636,Rik Rothchild,3 Magdeline Avenue,658-998-0236,2003-02-12,Male
637,Brig Brahams,2 Dixon Avenue,463-773-2691,1964-11-21,Male
638,Jaquelyn Giffaut,1 Debs Road,468-830-3203,1979-04-27,Female
639,Richy Dumingo,21 Hansons Pass,880-251-7938,1982-09-01,Male
640,Ricoriki Toland,6 Milwaukee Crossing,677-603-6954,1987-09-26,Male
641,Skipp Sabbatier,49990 Toban Pass,602-515-4587,1965-03-07,Male
642,Jonell Leither,15 Elka Plaza,102-967-7024,1989-09-29,Female
643,Marleah Pretley,4204 Hoepker Alley,314-765-6182,1987-12-25,Female
644,Bartholemy Gosson,2 Lighthouse Bay Avenue,737-697-4060,1976-12-16,Male
645,Costanza Sleney,15 Prairie Rose Court,556-477-7444,1977-09-24,Female
646,Zebadiah Mion,5406 Independence Junction,849-447-5724,1996-02-07,Male
647,Dionne Jaskowicz,94 1st Pass,256-581-1296,1972-12-06,Female
648,Friederike Blanpein,73223 Jackson Point,417-175-3306,2002-01-14,Female
649,Garey Angelini,61 Birchwood Trail,269-271-7609,2016-02-04,Male
650,Betteanne Blunderfield,08 Ramsey Street,675-124-3890,1994-01-05,Female
651,Alden Fice,4 Hansons Parkway,877-336-2762,1978-11-15,Male
652,Cahra Paaso,5165 Corben Center,319-735-8053,1963-07-30,Female
653,Estell Eden,0 Scoville Crossing,804-945-7918,1984-06-20,Female
654,Carl Broadway,5 American Alley,446-256-0007,2013-12-06,Male
655,Dorthy Henrionot,92 Waywood Terrace,252-914-6279,1966-04-17,Female
656,Gardiner Witling,86419 Buhler Parkway,192-744-9610,1977-06-11,Male
657,Deidre Di Claudio,92697 Di Loreto Point,985-880-3907,1970-07-03,Female
658,Wood Alliston,91257 Monica Crossing,820-425-1293,1982-02-03,Male
659,Alena Jestico,611 Londonderry Court,746-554-4300,1998-04-02,Female
660,Candace Pollington,4576 Eagle Crest Plaza,666-959-5940,1980-08-29,Female
661,Cammi Sigsworth,8 Forster Avenue,324-860-8666,1962-06-24,Female
662,Flint Upcraft,57764 Mcguire Center,469-763-8551,1989-06-05,Male
663,Sherwin Stourton,45769 Pine View Trail,405-853-7754,1994-06-27,Male
664,Blancha Cowe,19 Debra Pass,765-110-6928,2010-05-03,Female
665,Brant de Quesne,60 Ilene Avenue,145-713-0663,1988-04-03,Male
666,Sarajane Wulfinger,537 Mccormick Crossing,965-566-4271,2015-12-15,Female
667,Dov Gurnay,540 Farragut Lane,543-293-9076,2008-02-07,Male
668,Ilysa Stopher,3 Oneill Way,371-584-7345,1982-11-05,Female
669,Romona Bearblock,82050 New Castle Point,710-129-6247,1995-04-02,Female
670,Emelda Summerley,4069 Garrison Alley,924-856-4249,2009-11-07,Female
671,Amata Bellwood,626 Fairview Pass,184-478-3769,1977-07-28,Female
672,Tull Stannislawski,516 3rd Way,449-831-2429,1995-09-05,Male
673,Millisent Tippett,1 Darwin Center,403-697-8944,1987-01-23,Female
674,Timothee Bordman,618 Browning Terrace,792-355-1537,1966-10-29,Male
675,Osbourne Swindells,065 Park Meadow Court,224-145-2968,2010-09-13,Male
676,Bethanne Duck,40 Spohn Center,629-221-9331,1977-06-29,Female
677,Wait Abendroth,1 Larry Hill,591-870-3908,2001-01-25,Male
678,Rosemary Rowson,23 Colorado Court,653-551-6948,1961-10-05,Female
679,Renado McCromley,44296 Esker Trail,269-923-7816,1969-12-24,Male
680,Vail Leaburn,53510 Crescent Oaks Court,331-719-3392,1977-08-12,Male
681,Emanuel Dudbridge,05 Mallory Road,834-515-7496,1978-07-20,Male
682,Maible Braganca,7892 Kensington Way,658-146-7257,1987-08-03,Female
683,Ashlen Lambot,355 Eggendart Parkway,183-827-7270,1987-08-10,Female
684,Alvera Wittey,6 Logan Point,314-703-9084,2015-03-16,Female
685,Tudor Cockton,598 Spaight Center,138-462-0208,1987-04-14,Male
686,Monte Setford,0 Amoth Street,863-335-6784,2012-05-26,Male
687,Gage Grissett,99174 Eagan Circle,158-269-5492,1981-07-20,Male
688,Ari Whittleton,2 Heffernan Way,730-112-7575,1989-06-24,Male
689,Leonerd Handslip,584 Mockingbird Place,442-667-5844,2008-12-20,Male
690,Vladimir Sitlington,39 Sunbrook Way,448-775-7372,1982-10-30,Male
691,Hazel Romi,9923 Forster Avenue,282-368-7796,1969-05-26,Male
692,Frasier Thying,97 Glendale Park,108-901-3770,2005-12-01,Male
693,Hoebart Grosvenor,130 Parkside Crossing,929-191-6509,2010-02-01,Male
694,Callean Hackford,17 Fisk Hill,315-256-5887,1975-04-19,Male
695,Ynes Fortey,5424 Everett Junction,774-135-3838,1986-07-26,Female
696,Deane Batteson,3 Duke Court,215-609-1700,1998-08-13,Male
697,Christen Gibbs,21104 Valley Edge Park,273-707-5310,2008-03-19,Female
698,Clayborn Goncalo,14903 Pearson Lane,551-732-3262,1981-05-12,Male
699,Tedd Hurry,15707 3rd Parkway,975-701-8532,1965-11-06,Male
700,Mitch Bellelli,685 Leroy Terrace,790-927-4943,2010-01-02,Male
701,Berri Sheircliffe,6 Sage Street,442-258-2843,2008-01-17,Female
702,Ardelia Collicott,534 Independence Court,651-263-1955,1971-08-12,Female
703,Marie Dalgarnocht,33764 Fuller Circle,334-176-4563,2009-11-19,Female
704,Pepita Pedrielli,417 Shelley Road,231-688-6435,1984-06-20,Female
705,Margalo Egleton,70759 Crownhardt Crossing,813-746-4662,1965-08-14,Female
706,Rosmunda Sibray,6 Tomscot Point,618-498-7542,2017-08-06,Female
707,Kennett Trays,78748 Scoville Point,509-117-0371,2007-08-25,Male
708,Ginger Wehden,426 Sommers Crossing,979-270-9838,1992-02-04,Male
709,Trey Dagwell,9303 Knutson Lane,917-412-0985,1990-10-14,Male
710,Norris Kentwell,10 Montana Street,949-843-3074,1967-07-21,Male
711,Chickie Blagden,601 Charing Cross Junction,557-601-4709,1972-09-28,Male
712,Marie Jahnisch,80 Judy Road,197-888-7443,1984-12-15,Female
713,Chelsae Kimbley,9127 Scott Plaza,263-664-5341,1980-07-31,Female
714,Carlyle Halahan,280 Onsgard Drive,506-115-2229,1969-01-20,Male
715,Benjy Stennard,3629 Hanson Hill,525-339-4271,1989-07-15,Male
716,Aurea Brahmer,1853 Milwaukee Place,987-338-3394,1973-07-05,Female
717,Rianon Rentalll,99 Goodland Avenue,467-114-3600,1992-02-12,Female
718,Ronda Trenouth,0 Calypso Place,438-568-5159,2012-02-14,Female
719,Borg Van Der Straaten,1 Fair Oaks Junction,573-668-3292,2011-11-04,Male
720,Curr Currie,92 Manitowish Way,515-117-1409,1982-11-13,Male
721,Lida Smitherham,77319 Moulton Terrace,329-283-5621,2000-03-03,Female
722,Christalle Bewley,7 Packers Way,347-700-1455,1988-05-29,Female
723,Korie Doumerque,792 High Crossing Junction,174-549-1353,1989-02-25,Female
724,Scarlett Dumbare,8469 Amoth Trail,179-128-6370,1999-07-23,Female
725,Blair July,65609 Reinke Circle,927-503-0233,1962-08-25,Female
726,Farah Pennoni,6615 Graceland Point,920-233-7547,1983-02-27,Female
727,Meryl Hixson,4 Pennsylvania Place,330-472-8092,1975-06-29,Female
728,Lon Langwade,9 Laurel Court,788-585-2547,1962-08-28,Male
729,Jamaal MacIllrick,360 Goodland Lane,732-316-1956,1990-03-10,Male
730,Malvina Farreil,5784 Ronald Regan Center,311-971-7490,1976-02-20,Female
731,Roselle McUre,21500 Schlimgen Hill,397-410-9645,1974-10-06,Female
732,Trumaine Pond-Jones,523 Hoffman Pass,549-505-0033,1973-04-29,Male
733,Harris Skillett,36 2nd Point,485-507-6717,1998-01-03,Male
734,Levey Cud,34290 Towne Place,971-563-4373,1977-12-14,Male
735,Micky Gerbl,285 Sauthoff Parkway,132-781-3110,1960-03-19,Female
736,Hilde Koch,04171 Everett Trail,476-733-5361,1990-01-27,Female
737,Shelly Dudin,687 Manufacturers Court,187-141-2315,1994-08-26,Female
738,Ravid Wordley,1583 Golden Leaf Crossing,534-452-0977,1995-09-27,Male
739,Jethro Levy,06 Di Loreto Street,840-786-3468,1997-04-19,Male
740,Amity Critchard,09775 Daystar Lane,353-208-0023,2011-03-22,Female
741,Osbert Backman,5440 Clarendon Center,520-163-9166,1984-07-05,Male
742,Carver Deeson,39 Loomis Avenue,396-420-4567,1964-02-18,Male
743,Bird Stroder,813 Rieder Court,137-984-9036,1968-01-09,Female
744,Pail Summergill,3084 Jay Plaza,521-173-4339,1997-05-30,Male
745,Lynna Clemencon,999 Harper Center,296-121-4831,2014-04-05,Female
746,Hube Oxford,09 Sherman Drive,785-969-7511,1999-01-21,Male
747,Marie Rylance,3000 Maple Wood Center,910-313-8753,1969-01-04,Female
748,Irma Urry,2556 Rowland Road,276-854-6711,1988-08-21,Female
749,Griffie Taillard,60926 Arrowood Alley,406-847-5806,1990-12-29,Male
750,Margot Fozzard,431 Lakewood Gardens Alley,378-707-2723,1970-03-19,Female
751,Kele Biesinger,8 Luster Street,170-172-3430,1968-12-07,Male
752,Margaux Mattiassi,6266 Del Mar Alley,325-549-3889,1967-09-06,Female
753,Verge McGloughlin,135 Scott Court,142-237-5933,2003-02-26,Male
754,Mead Bassham,95 Quincy Court,439-853-9774,1973-10-02,Male
755,Eloisa Pennaman,572 Bunting Way,990-721-3680,1989-12-25,Female
756,Adolph Perelli,5 Prairie Rose Avenue,168-776-5730,1997-02-18,Male
757,Carine Lashford,04 Sommers Point,454-570-3074,1987-08-28,Female
758,Oswell Singleton,30286 Tennyson Terrace,441-235-6852,2017-08-22,Male
759,Erinna McKinnon,60057 Kipling Pass,513-751-3515,1996-12-25,Female
760,Delmer Cameron,8204 Thierer Plaza,845-508-1564,2003-01-10,Male
761,Alison Nutley,9 Colorado Road,292-574-3119,2015-07-25,Female
762,Kirsten Ferier,0623 Hagan Drive,853-915-6728,2003-05-14,Female
763,Lyndel Chitter,1 Amoth Parkway,657-911-6525,1979-11-22,Female
764,Richardo Muggeridge,3 Ronald Regan Court,331-652-3556,1960-05-28,Male
765,Niki Jarrel,50192 Columbus Junction,514-130-7076,2004-06-10,Male
766,Barnie Antoons,26079 Fairfield Street,904-695-2178,2006-05-25,Male
767,Nancie Fleming,24 Stang Court,388-716-7155,2013-04-01,Female
768,Darcee Penrose,96 Sachtjen Drive,563-931-9809,1966-11-25,Female
769,Carmita Huddlestone,2473 Dawn Pass,445-335-7056,2004-04-12,Female
770,Carrie Rozzier,1 Toban Place,546-180-5952,1967-09-13,Female
771,Beverlee Kilvington,17 Ludington Hill,837-587-2659,1977-04-30,Female
772,Geri Norwood,733 Muir Avenue,162-359-9981,1989-09-09,Male
773,Samaria Tozer,21 Oriole Alley,751-765-9798,1964-07-16,Female
774,Kyle Ramshaw,03601 Delaware Center,264-592-7554,1980-01-24,Male
775,Fidel Merriment,0038 Logan Court,276-570-0712,2016-03-29,Male
776,Elizabet Busson,724 Blackbird Plaza,824-784-4347,2009-06-01,Female
777,Stevena Tordiffe,6364 Ronald Regan Alley,585-306-1615,1983-02-23,Female
778,Rosalinda D'eathe,16087 Dapin Plaza,329-641-6058,2013-07-11,Female
779,Lorain Aikin,7 Grover Hill,305-319-3937,1999-05-19,Female
780,Margarita Mouse,26 Mcguire Place,122-939-5098,1986-12-20,Female
781,Coral Purcell,234 Blue Bill Park Court,742-761-3768,1975-10-20,Female
782,Clare Moreinu,7 Algoma Trail,695-601-5146,2003-05-02,Male
783,Minette Carlick,800 Oriole Way,755-587-5757,1970-12-07,Female
784,Barbara-anne Maeer,49202 Moland Plaza,638-389-8337,1987-06-12,Female
785,Gordie Helmke,88 Truax Point,693-647-2547,2016-10-03,Male
786,Kaja Moynihan,031 Hoard Avenue,321-696-7155,2000-12-17,Female
787,Hogan Meaddowcroft,9252 Clyde Gallagher Terrace,778-648-6464,1987-12-05,Male
788,Saunders Darycott,93655 Westend Road,685-195-8434,1994-10-10,Male
789,Jennie Cresar,06837 Bellgrove Point,793-788-4688,2000-04-10,Female
790,Iormina Bigland,7 Gale Road,261-655-6582,1990-11-10,Female
791,Brit Jacquest,8787 Shasta Trail,959-355-8057,2003-02-13,Female
792,Lorelle Kobu,620 Graedel Road,249-462-4079,2010-11-25,Female
793,Cammie Burnep,48815 Rieder Center,359-823-4504,1976-10-17,Female
794,Evelin Gilluley,3567 Arizona Parkway,110-613-9758,2008-02-29,Male
795,Eve Sitlinton,0878 Fallview Circle,312-497-6167,1986-05-25,Female
796,Erroll Jersch,71 Fallview Way,440-754-6519,2001-05-27,Male
797,Gayler Mavin,74 Longview Junction,290-365-5237,1968-07-23,Male
798,Gerome Saunper,5 Evergreen Terrace,360-426-0439,2011-02-21,Male
799,Lucienne Speeding,909 Cody Drive,406-952-6288,1989-03-03,Female
800,Nestor Stieger,2732 Welch Hill,785-647-3517,2014-12-08,Male
801,Tracey Edington,1 Harbort Alley,410-594-2353,1985-11-23,Male
802,Allen Andino,670 Old Shore Crossing,207-157-4241,2002-11-07,Male
803,Lurleen Gritland,81 Algoma Alley,641-125-8725,2008-08-11,Female
804,Gabriele Gundry,71 Onsgard Place,318-997-7380,1966-07-23,Male
805,Leda Caruth,2 Shasta Trail,139-495-1490,1984-03-11,Female
806,Catie Licciardo,0 Northridge Terrace,942-783-7386,1974-09-06,Female
807,Joell Frarey,0965 Springview Circle,428-908-6925,1980-07-12,Female
808,Griffy Cromblehome,587 Hollow Ridge Pass,924-421-9415,1998-10-28,Male
809,Celisse De Lascy,43 Chive Hill,133-569-0560,1972-08-31,Female
810,Nahum Rizziello,40713 Mosinee Terrace,106-499-4022,2003-04-29,Male
811,Sigvard Raecroft,123 6th Center,922-640-4436,2009-01-17,Male
812,Leilah Watchorn,66 Clyde Gallagher Lane,507-552-7945,2010-08-25,Female
813,Mellicent Battams,00 Bobwhite Way,111-278-2666,1969-04-20,Female
814,Barty Polino,48 Lindbergh Way,253-767-3046,2012-09-24,Male
815,Rey Sterry,635 Scofield Drive,317-199-3852,2009-03-21,Male
816,Jocko Applin,2131 Norway Maple Way,746-804-7509,2001-06-23,Male
817,Laverne Kemmey,49 Sutherland Way,115-891-2812,1979-04-08,Female
818,Jany Lillie,1108 Delladonna Place,747-462-7331,1995-10-25,Female
819,Cherice Chave,838 Sunbrook Pass,678-636-2770,1977-11-09,Female
820,Georgianne Meadmore,89240 Almo Terrace,161-837-8317,2007-07-28,Female
821,Brigid Farquhar,429 Vernon Plaza,928-271-6723,1976-09-03,Female
822,Kean Bosworth,8896 Harper Park,783-202-9057,1998-11-06,Male
823,Babb Blewett,4 Sutherland Way,270-322-6613,1997-01-05,Female
824,Ellsworth Rouby,5012 Rigney Junction,481-314-1713,1965-05-04,Male
825,Putnem Dumper,0 Fieldstone Court,624-730-3740,2000-08-02,Male
826,Talia Brunon,946 Oriole Junction,450-535-9196,1987-04-18,Female
827,Keri Watsham,162 Chinook Street,111-818-9427,1972-02-18,Female
828,Sigismondo Windley,39567 Portage Pass,806-152-2076,2016-03-02,Male
829,Merle Izzard,209 Cherokee Trail,748-184-8881,1981-08-11,Male
830,Flore Roels,47 Harper Way,540-192-8478,2008-02-02,Female
831,Derron Lummasana,810 Londonderry Junction,396-408-2671,1966-04-04,Male
832,Perle Gilleon,54979 Sauthoff Crossing,223-332-8432,2002-04-24,Female
833,Phyllys Rowles,97 Forest Junction,504-465-3092,1998-01-15,Female
834,Ashia Eich,56343 Anzinger Alley,592-105-4221,1963-03-28,Female
835,Holly Richings,213 Coolidge Way,548-301-8656,1995-09-29,Female
836,Hamilton Hammant,085 Mcbride Park,930-307-7687,2006-12-21,Male
837,Lani Vogeler,61700 Milwaukee Center,352-941-7414,2009-07-27,Female
838,Breena De Angelis,5 Golf Alley,960-945-5081,2017-01-31,Female
839,Wit Belliss,6 Oriole Street,649-171-6432,1987-04-24,Male
840,Rutter Whiskin,911 Eagle Crest Pass,792-208-1355,1994-12-21,Male
841,Granthem Keys,72870 Blackbird Junction,915-771-3307,1961-10-12,Male
842,Teena Pursehouse,7886 Anderson Circle,436-859-3470,1985-08-08,Female
843,Hernando Casterton,66 Dapin Drive,752-475-7954,1985-04-07,Male
844,Salomone Norrington,4698 Commercial Center,703-609-6145,1991-06-14,Male
845,Fairfax Taggart,64 Bultman Center,830-211-8540,1972-07-23,Male
846,Ginevra Klageman,47 Meadow Ridge Parkway,193-944-6204,1960-12-23,Female
847,Galvin Burtonwood,7168 Brown Hill,639-341-8934,1973-12-22,Male
848,Mattie Borham,1 Debs Trail,851-615-9035,2017-02-16,Female
849,Noemi Van den Broek,540 Reinke Street,312-272-9986,1971-10-11,Female
850,Nolana Kubica,10 Waxwing Park,897-445-8709,1972-02-15,Female
851,Kristyn Pentelow,42601 Pierstorff Drive,621-745-3635,1991-05-15,Female
852,Madelon Leitche,7976 Lukken Parkway,438-289-7110,1972-04-09,Female
853,Nicolis Hoodspeth,4792 Sullivan Pass,800-516-5569,2018-04-25,Male
854,Abram Girauld,198 Vidon Way,251-249-6192,1972-05-13,Male
855,Angus Hanhardt,5026 Thackeray Hill,232-204-1726,1975-08-24,Male
856,Clayton Kiefer,705 Meadow Ridge Junction,529-470-3469,2016-07-06,Male
857,Bastien Naisby,526 Melody Road,655-264-2181,1997-09-04,Male
858,Pam Kalb,05261 Redwing Road,295-563-7021,1986-10-01,Female
859,Nickie Argrave,1 Carioca Point,825-900-1788,1960-02-22,Female
860,Dorelia Novotne,51 Orin Terrace,731-796-0401,2014-12-07,Female
861,Hiram Servant,5800 Morningstar Street,234-982-7325,2004-06-09,Male
862,Leontyne Kayley,9577 New Castle Court,314-568-7479,2018-07-20,Female
863,Ginny Carradice,5 Debra Pass,196-412-3859,2009-07-20,Female
864,Geralda Camp,203 Golf Course Alley,834-944-4548,2010-05-30,Female
865,Marinna Carneck,0 Linden Alley,373-879-5762,1998-07-29,Female
866,Harrison Tolley,783 Kensington Pass,178-689-1483,1968-05-05,Male
867,Adler Exelby,34 Onsgard Lane,167-113-6857,2005-10-21,Male
868,Tersina Flaherty,174 Summerview Drive,167-867-8284,1975-01-01,Female
869,Aurel Drinkel,905 Porter Parkway,907-307-8183,1997-08-24,Female
870,Greggory Vasilenko,350 Twin Pines Point,894-644-4779,1972-01-27,Male
871,Alasteir Fontanet,664 Thackeray Hill,888-800-0706,1968-04-21,Male
872,Osbert Dominick,519 Miller Park,365-863-7607,1981-10-07,Male
873,Licha Brinsden,853 Upham Hill,567-497-7691,1975-04-26,Female
874,Whitney Bowskill,9 Village Green Street,409-547-6365,1985-01-10,Female
875,Esme Willmot,08416 Nelson Parkway,879-443-9620,1982-01-20,Female
876,Edithe Trahar,4 Glacier Hill Point,821-192-5281,1992-03-26,Female
877,Fabian Atcock,2638 Rieder Park,741-233-7820,1979-05-08,Male
878,Gerri Tinmouth,3179 Blackbird Way,715-330-0289,1971-06-26,Female
879,Calypso Kornalik,0475 Blackbird Hill,796-579-1607,2016-11-22,Female
880,Yoko Steagall,69 Ramsey Trail,947-728-8234,1987-02-16,Female
881,Rurik Wix,43016 Katie Pass,945-537-6055,2011-03-04,Male
882,Latisha Adicot,2 Killdeer Pass,236-356-5729,1965-10-09,Female
883,Ellwood Spurritt,75 Stuart Trail,860-759-9042,2000-05-18,Male
884,Madlen Alfonso,80 Hanson Terrace,217-620-8038,1967-10-15,Female
885,Marna Farthin,9 North Pass,601-436-3481,1973-05-22,Female
886,Damaris Iacomi,068 Browning Trail,335-785-2948,1982-11-16,Female
887,Cassandra Bonifas,8 Kedzie Crossing,548-551-9809,2004-03-31,Female
888,Sherye Bowers,44280 Mesta Point,847-895-6378,1986-11-12,Female
889,Wynn Pawelek,51636 Waubesa Crossing,552-387-3597,1967-11-30,Male
890,Paige Keatley,35 Kim Center,169-417-8442,1991-10-06,Male
891,Christophorus Fawcitt,487 Saint Paul Plaza,626-999-2836,1991-05-28,Male
892,Wallace Mandeville,95371 Esker Parkway,533-262-3664,1960-07-27,Male
893,Abran Veale,71 Westend Lane,105-181-3841,2002-09-09,Male
894,Janene Rabbatts,514 Pond Pass,961-368-4710,1985-04-15,Female
895,Rourke Ennals,9 Stone Corner Court,131-424-5056,1988-10-06,Male
896,Oran Grube,3436 Columbus Terrace,661-347-5767,1972-08-07,Male
897,Vicky Grayley,6 Lakeland Crossing,287-739-6441,1976-10-11,Female
898,Alyson Boshere,367 Declaration Trail,569-824-4913,2006-06-24,Female
899,Shannen Marusik,04457 Bunting Center,809-739-2237,1998-04-23,Female
900,Mame Andrag,471 Stuart Crossing,202-106-7434,1979-07-02,Female
901,Booth Lorentzen,35629 Charing Cross Court,974-492-7332,2008-03-30,Male
902,Clerissa Castillo,5934 Amoth Park,313-270-0072,2008-06-11,Female
903,Beatriz Craddy,599 Daystar Plaza,390-653-5273,1988-05-28,Female
904,Karla Ceeley,2796 Hovde Avenue,396-151-1379,1985-01-02,Female
905,Guillema Kevane,1799 Rutledge Street,660-188-1049,1966-09-26,Female
906,Rhodia Epgrave,23140 Vernon Hill,828-835-5941,1999-03-21,Female
907,Reggie Terbrugge,5968 Sullivan Alley,457-860-0377,1986-01-10,Male
908,Lory Ramstead,9 Dunning Crossing,794-112-8479,1963-12-27,Female
909,Frederick Sauvain,458 Bonner Place,130-141-3835,2015-07-23,Male
910,Spencer McGilvary,560 Jackson Junction,246-665-2554,1972-12-13,Male
911,Cecil Beran,730 Vidon Parkway,692-375-8219,1978-01-21,Male
912,Sandi Tomas,41 Kedzie Street,276-779-1866,1967-01-16,Female
913,Bonnibelle McGenn,844 Center Avenue,763-830-0670,1966-03-16,Female
914,Kayla Hutchens,41 Cordelia Crossing,153-416-0684,2011-09-02,Female
915,Deana Broadstock,884 Kropf Circle,309-413-6903,1978-12-14,Female
916,Marybelle Romanetti,5 Heath Park,870-941-1036,1992-12-23,Female
917,Joanie Dutt,4430 Union Circle,581-146-6741,1984-08-18,Female
918,Pearle Canland,4411 Homewood Place,568-116-3802,2017-12-31,Female
919,Niel Ullrich,30 Northwestern Pass,720-600-3076,1998-05-18,Male
920,Findlay Andrick,20012 Riverside Parkway,619-901-2010,1989-11-15,Male
921,Sarette Garrood,50 Armistice Point,692-228-4859,1995-07-31,Female
922,Bondie Farny,320 Daystar Parkway,138-828-6296,1988-03-06,Male
923,Jeromy Stare,25472 Mccormick Hill,916-831-0274,2008-03-22,Male
924,Matty Buchett,48 Huxley Court,538-674-3694,1961-04-08,Male
925,Chaunce Clarabut,52 Holy Cross Park,621-987-5191,1972-10-01,Male
926,Alair Sinson,2 Lyons Trail,735-192-5029,2000-09-18,Male
927,Lucretia Stebles,91084 Warner Parkway,983-139-4256,2004-01-31,Female
928,Myron Bacher,017 Hoffman Trail,371-273-8111,2010-05-15,Male
929,Natassia Whistlecroft,5002 Hanson Center,298-979-5257,1994-05-13,Female
930,Valentina Avory,58 Springs Circle,984-469-3055,2012-11-25,Female
931,Townsend Bowlands,25 Clove Terrace,119-202-3287,1987-01-29,Male
932,Simone Tunnock,1 Dovetail Court,677-449-4715,1985-09-23,Female
933,Aubrey Janacek,7399 Hayes Trail,406-452-3499,1977-10-07,Female
934,Fifine Cripwell,21 Pleasure Way,319-806-4443,2004-01-24,Female
935,Sheffy Franschini,54669 Mandrake Road,978-407-3175,1986-09-08,Male
936,Ibbie Mulbry,2 Fordem Trail,434-609-4775,1996-10-22,Female
937,Genia Tysall,311 2nd Lane,995-707-6873,1982-05-02,Female
938,Ebeneser Colbertson,13 Golden Leaf Point,757-278-0695,2005-10-27,Male
939,Leta Rosenshine,5725 Acker Point,741-503-5655,1997-10-26,Female
940,Casandra Barbary,71384 Red Cloud Crossing,360-263-2760,2008-11-28,Female
941,Moritz Fust,65 American Ash Avenue,530-682-0880,1979-12-27,Male
942,Marta Birdwhistle,49 Hollow Ridge Alley,838-642-8822,1996-07-28,Female
943,Clive Dael,68 Holmberg Pass,828-620-3126,2002-11-16,Male
944,Trula Bende,60 Welch Avenue,898-101-7323,1999-11-09,Female
945,Roselia Whiteland,918 Dakota Park,813-739-1260,1985-08-30,Female
946,Grady Sendall,54 Sage Crossing,827-735-8547,1981-04-06,Male
947,Basil Lamboll,91544 Daystar Park,376-265-3421,1989-02-12,Male
948,Andris Beet,41 Coolidge Drive,975-265-2327,1980-08-07,Male
949,Durant Bugg,879 Clarendon Hill,477-523-9622,2001-10-31,Male
950,Danni Poncet,7 Logan Road,225-575-9739,2006-10-14,Female
951,Josefina Cristoforo,745 Prairie Rose Plaza,617-739-3221,2016-05-05,Female
952,Bryanty Frankel,53247 8th Road,205-357-3934,1961-02-26,Male
953,Otto Vawton,139 Rieder Parkway,733-778-9685,1999-02-13,Male
954,Katharyn Hun,809 Chive Court,583-724-7490,1981-01-10,Female
955,Betty Sodo,2697 Comanche Terrace,734-488-6676,1961-04-18,Female
956,Ransell Shakshaft,4136 Corben Trail,813-829-5512,1969-05-23,Male
957,Shirleen MacCrann,8 Raven Plaza,714-557-6370,2015-10-26,Female
958,Arnold Cosins,959 Ruskin Avenue,735-840-9064,1973-09-14,Male
959,Sondra Rosenauer,270 Muir Way,974-150-1251,1983-09-30,Female
960,Penni Bracer,7 Northland Hill,112-598-7627,1964-07-03,Female
961,Vlad Gillebride,80174 Ohio Crossing,199-661-6269,2009-11-11,Male
962,Lyndsay Kleinmintz,04 Morrow Lane,363-915-1539,2013-12-21,Female
963,Dion Aplin,33 Mccormick Circle,915-827-2644,1978-08-18,Male
964,Lefty Agent,541 Dexter Way,504-375-4399,2001-04-08,Male
965,Nettle Glencorse,470 Lien Avenue,112-839-5116,2007-03-23,Female
966,Costa Henner,64642 Mesta Way,625-375-7381,1978-08-24,Male
967,Natalya Tarbin,35 Summerview Pass,677-643-3490,1970-03-12,Female
968,Buiron Menhenitt,862 Texas Street,738-670-2986,1994-02-05,Male
969,Carolann Troyes,490 Transport Alley,818-210-1848,1982-04-03,Female
970,Garik Colleck,5 West Park,733-983-1039,1995-08-27,Male
971,Delora Lung,0640 Gerald Pass,778-683-0096,2013-07-20,Female
972,Jodie Farington,2 Bellgrove Circle,423-141-2134,1991-01-11,Male
973,Kipp Linden,18 Gina Lane,603-405-4582,2004-11-01,Male
974,Kipp Walisiak,310 Fordem Drive,341-143-1589,1985-04-09,Male
975,Freeman Hymor,97237 Wayridge Street,367-972-6481,1991-08-05,Male
976,Hillard Gogay,322 Katie Circle,579-450-7303,2010-05-31,Male
977,Deloria Wareing,04327 Fairfield Terrace,136-585-3009,1966-10-09,Female
978,Hogan Borkin,191 Westport Hill,773-744-4624,2000-08-25,Male
979,Norry Chessor,55597 Hallows Place,622-736-0448,1974-07-16,Female
980,Shellie Clarricoates,19269 Weeping Birch Point,318-451-4743,1978-11-20,Female
981,Lurette Delea,6 Bobwhite Road,719-937-7430,2008-08-02,Female
982,Felike Chazette,6648 Sundown Junction,473-258-5641,1982-01-20,Male
983,Gregoor Fretter,6 Russell Terrace,914-850-1626,2009-09-06,Male
984,Maxy Bearham,73033 Ilene Park,193-885-7850,2005-09-24,Male
985,Putnam Hopfer,45 Dixon Park,180-661-9206,2016-06-21,Male
986,Sioux Harkin,12297 Acker Lane,140-928-9743,1962-01-20,Female
987,Grata Goudge,97790 Knutson Place,195-455-9039,1977-01-01,Female
988,Fannie Shapcote,05210 Laurel Crossing,871-274-5328,1968-12-06,Female
989,Jojo Robjents,3 Roth Terrace,984-670-1608,1985-05-23,Female
990,Timmy Bowering,06 Shopko Court,740-414-5104,1992-08-16,Male
991,Holly Shrimpling,2011 Hoffman Terrace,581-681-4216,1987-08-11,Female
992,Brnaby Rooksby,63 Bay Place,118-762-7280,1988-07-09,Male
993,Abagail Pentycost,43 Mitchell Center,290-421-8690,2008-12-14,Female
994,Seymour Bescoby,40121 Emmet Way,404-487-0397,1998-04-14,Male
995,Aland Struttman,9031 Anniversary Park,191-336-1651,1960-07-08,Male
996,Hilario Runciman,28 Roth Point,752-248-9811,1991-05-14,Male
997,Shanda Pridden,22 Londonderry Parkway,457-451-3311,1969-10-25,Female
998,Sianna Snodin,1 Forest Dale Parkway,933-513-2823,1998-02-13,Female
999,Prudy Patel,368 American Ash Hill,515-126-4312,2015-08-13,Female
1000,Pebrook Lysons,65 Waxwing Court,527-746-1546,1961-09-11,Male
